slug,provider,offer,actionButtons,toolType,description,tag,planType,planName,price,trial,availableApis,executionEnvironment
4everland-free,,!offer:4everland-free,,,,,,,,,,
4everland-pay-as-you-go,,!offer:4everland-pay-as-you-go,,,,,,,,,,
apeworx,,!offer:apeworx,,,,,,,,,,
apillon-the-caterpillar,,!offer:apillon-the-caterpillar,,,,,,,,,,
apillon-the-cocoon,,!offer:apillon-the-cocoon,,,,,,,,,,
apillon-the-egg,,!offer:apillon-the-egg,,,,,,,,,,
cometh,,!offer:cometh,,,,,,,,,,
cookbook-dev,,!offer:cookbook-dev,,,,,,,,,,
defi-builder,,!offer:defi-builder,,,,,,,,,,
dynamic-enterprise,,!offer:dynamic-enterprise,,,,,,,,,,
dynamic-growth,,!offer:dynamic-growth,,,,,,,,,,
dynamic-launch,,!offer:dynamic-launch,,,,,,,,,,
enso,,!offer:enso,,,,,,,,,,
kriptonio-enterprise,,!offer:kriptonio-enterprise,,,,,,,,,,
kriptonio-free,,!offer:kriptonio-free,,,,,,,,,,
kriptonio-growth,,!offer:kriptonio-growth,,,,,,,,,,
kriptonio-personal,,!offer:kriptonio-personal,,,,,,,,,,
kriptonio-starter,,!offer:kriptonio-starter,,,,,,,,,,
kurtosis,,!offer:kurtosis,,,,,,,,,,
limechain,,!offer:limechain,,,,,,,,,,
livepeer-js-enterprise,,!offer:livepeer-js-enterprise,,,,,,,,,,
livepeer-js-pay-as-you-go,,!offer:livepeer-js-pay-as-you-go,,,,,,,,,,
livepeer-js-sandbox,,!offer:livepeer-js-sandbox,,,,,,,,,,
mimic,,!offer:mimic,,,,,,,,,,
openfort-enterprise,,!offer:openfort-enterprise,,,,,,,,,,
openfort-growth,,!offer:openfort-growth,,,,,,,,,,
openfort-pro,,!offer:openfort-pro,,,,,,,,,,
openfort-scale,,!offer:openfort-scale,,,,,,,,,,
openfort-starter,,!offer:openfort-starter,,,,,,,,,,
orderly,,!offer:orderly,,,,,,,,,,
particle,,!offer:particle,,,,,,,,,,
pimlico,,!offer:pimlico,,,,,,,,,,
portal-developer,,!offer:portal-developer,,,,,,,,,,
portal-startup,,!offer:portal-startup,,,,,,,,,,
rivet-dev-cloud-free,,!offer:rivet-dev-cloud-free,,,,,,,,,,
rivet-dev-cloud-hobby,,!offer:rivet-dev-cloud-hobby,,,,,,,,,,
rivet-dev-cloud-team,,!offer:rivet-dev-cloud-team,,,,,,,,,,
spheron-network,,!offer:spheron-network,,,,,,,,,,
syndicate,,!offer:syndicate,,,,,,,,,,
thirdweb-growth,,!offer:thirdweb-growth,,,,,,,,,,
thirdweb-pro,,!offer:thirdweb-pro,,,,,,,,,,
thirdweb-scale,,!offer:thirdweb-scale,,,,,,,,,,
thirdweb-starter,,!offer:thirdweb-starter,,,,,,,,,,
toolblox-free,,!offer:toolblox-free,,,,,,,,,,
toolblox-lifetime,,!offer:toolblox-lifetime,,,,,,,,,,
toolblox-professional,,!offer:toolblox-professional,,,,,,,,,,
toolblox-starter,,!offer:toolblox-starter,,,,,,,,,,
venly-developer,,!offer:venly-developer,,,,,,,,,,
venly-professional,,!offer:venly-professional,,,,,,,,,,
venly-scale,,!offer:venly-scale,,,,,,,,,,
vialabs,,!offer:vialabs,,,,,,,,,,
