slug,provider,offer,actionButtons,chain,toolType,programmingLanguage,tag,description,planType,planName,price,trial,starred,dependencies,latestKnownVersion,latestKnownReleaseDate,maintainer,license
blockdaemon-sdk-free,,!offer:blockdaemon-sdk-free,,mainnet,,,,,,,,,,,,,,
blockdaemon-sdk-growth,,!offer:blockdaemon-sdk-growth,,mainnet,,,,,,,,,,,,,,
blockdaemon-sdk-starter,,!offer:blockdaemon-sdk-starter,,mainnet,,,,,,,,,,,,,,
tatum-sdk-free,,!offer:tatum-sdk-free,,mainnet,,,,,,,,,,,,,,
tatum-sdk-pro,,!offer:tatum-sdk-pro,,mainnet,,,,,,,,,,,,,,
tatum-sdk-scale,,!offer:tatum-sdk-scale,,mainnet,,,,,,,,,,,,,,
tatum-sdk-starter,,!offer:tatum-sdk-starter,,mainnet,,,,,,,,,,,,,,
turnkey-sdk-free,,!offer:turnkey-sdk-free,,mainnet,,,,,,,,,,,,,,
turnkey-sdk-pro,,!offer:turnkey-sdk-pro,,mainnet,,,,,,,,,,,,,,
