slug,provider,offer,actionButtons,chain,txSpeedSla,throughputSla,technology,openSource,support,starred,availableApis,monitoringAndAnalytics,additionalFeatures,assetTypes,price,economicSecurity,economicSecurityNote,auditsPerformed,decentralizationModel,sdk,supportedChains,tag,supportContacts,networkSupportBasis
asterizm,,!offer:asterizm,,mainnet,,,,,,,,,,,,,,,,,,,,
chainspot,,!offer:chainspot,,mainnet,,,,,,,,,,,,,,,,,,,,
defiway-bridge,,!offer:defiway-bridge,,mainnet,,,,,,,,,,,,,,,,,,,,
layerswap,,!offer:layerswap,,mainnet,,,,,,,,,,,,,,,,,,,,
orbiter,,!offer:orbiter,,mainnet,,,,,,,,,,,,,,,,,,,,
rubic,,!offer:rubic,,mainnet,,,,,,,,,,,,,,,,,,,,
stargate,,!offer:stargate,,mainnet,,,,,,,,,,,,,,,,,,,,
symbiosis,,!offer:symbiosis,,mainnet,,,,,,,,,,,,,,,,,,,,
ton-bridge,,!offer:ton-bridge,,mainnet,,,,,,,,,,,,,,,,,,,,
