slug,provider,offer,actionButtons,chain,technology,txSpeedSla,throughputSla,openSource,support,supportedChains,starred,availableApis,monitoringAndAnalytics,additionalFeatures,assetTypes,price,economicSecurity,economicSecurityNote,auditsPerformed,decentralizationModel,sdk,tag,supportContacts
crosscurve-mainnet,,!offer:crosscurve,,mainnet,,,,,,,,,,,,,,,,,,,
hyperlane-mainnet,,!offer:hyperlane,,mainnet,,,,,,,,,,,,,,,,,,,
layerswap-mainnet,,!offer:layerswap,,mainnet,,,,,,,,,,,,,,,,,,,
meson-mainnet,,!offer:meson,,mainnet,,,,,,,,,,,,,,,,,,,
orbiter-mainnet,,!offer:orbiter,,mainnet,,,,,,,,,,,,,,,,,,,
owlto-mainnet,,!offer:owlto,,mainnet,,,,,,,,,,,,,,,,,,,
pheasant-mainnet,,!offer:pheasant,,mainnet,,,,,,,,,,,,,,,,,,,
rubic-mainnet,,!offer:rubic,,mainnet,,,,,,,,,,,,,,,,,,,
smolrefuel-mainnet,,!offer:smolrefuel,,mainnet,,,,,,,,,,,,,,,,,,,
stargate-mainnet,,!offer:stargate,,mainnet,,,,,,,,,,,,,,,,,,,
symbiosis-mainnet,,!offer:symbiosis,,mainnet,,,,,,,,,,,,,,,,,,,
