slug,provider,offer,actionButtons,chain,tag,description,planType,planName,price,trial,starred,toolType,deliveryType,executionEnvironment,coverage,compliance
abdk,,!offer:abdk,,mainnet,,,,,,,,,,,,
audit-base-pay-as-you-go,,!offer:audit-base-pay-as-you-go,,mainnet,,,,,,,,,,,,
audit-base-pro,,!offer:audit-base-pro,,mainnet,,,,,,,,,,,,
audit-base-starter,,!offer:audit-base-starter,,mainnet,,,,,,,,,,,,
audit-base-team,,!offer:audit-base-team,,mainnet,,,,,,,,,,,,
blockaid,,!offer:blockaid,,mainnet,,,,,,,,,,,,
blocksec-phalcon,,!offer:blocksec-phalcon,,mainnet,,,,,,,,,,,,
chainsecurity,,!offer:chainsecurity,,mainnet,,,,,,,,,,,,
cyvers,,!offer:cyvers,,mainnet,,,,,,,,,,,,
echidna,,!offer:echidna,,mainnet,,,,,,,,,,,,
goplus-beginner,,!offer:goplus-beginner,,mainnet,,,,,,,,,,,,
goplus-free,,!offer:goplus-free,,mainnet,,,,,,,,,,,,
goplus-growth,,!offer:goplus-growth,,mainnet,,,,,,,,,,,,
goplus-pro,,!offer:goplus-pro,,mainnet,,,,,,,,,,,,
goplus-test,,!offer:goplus-test,,mainnet,,,,,,,,,,,,
goplus-ultra,,!offer:goplus-ultra,,mainnet,,,,,,,,,,,,
hacken-blockchain-protocol-audit,,!offer:hacken-blockchain-protocol-audit,,mainnet,,,,,,,,,,,,
hacken-smart-contract-audit,,!offer:hacken-smart-contract-audit,,mainnet,,,,,,,,,,,,
halborn-blockchain-layer-1-assessment,,!offer:halborn-blockchain-layer-1-assessment,,mainnet,,,,,,,,,,,,
halborn-smart-contract-assessment,,!offer:halborn-smart-contract-assessment,,mainnet,,,,,,,,,,,,
kudelski-architecture-review,,!offer:kudelski-architecture-review,,mainnet,,,,,,,,,,,,
kudelski-smart-contract-secure-code-review,,!offer:kudelski-smart-contract-secure-code-review,,mainnet,,,,,,,,,,"C-Chain EVM, Solidity",,
openzeppelin-audits,,!offer:openzeppelin-audits,,mainnet,,,,,,,,,,,,
peckshield-audit,,!offer:peckshield-audit,,mainnet,,,,,,,,,,,,
salus-audit,,!offer:salus-audit,,mainnet,,,,,,,,,,,,
salus-zk-solution,,!offer:salus-zk-solution,,mainnet,,,,,,,,,,,,
scam-sniffer-standard,,!offer:scam-sniffer-standard,,mainnet,,,,,,,,,,,,
scam-sniffer-startup,,!offer:scam-sniffer-startup,,mainnet,,,,,,,,,,,,
slowmist-audit,,!offer:slowmist-audit,,mainnet,,,,,,,,,,,,
solidityscan-on-demand,,!offer:solidityscan-on-demand,,mainnet,,,,,,,,,,,,
solidityscan-pro,,!offer:solidityscan-pro,,mainnet,,,,,,,,,,,,
solidityscan-starter,,!offer:solidityscan-starter,,mainnet,,,,,,,,,,,,
ziion-linux-distro,,!offer:ziion-linux-distro,,mainnet,,,,,,,,,,,,
