slug,provider,offer,actionButtons,chain,technology,txSpeedSla,throughputSla,openSource,support,supportedChains,starred,availableApis,monitoringAndAnalytics,additionalFeatures,assetTypes,price,economicSecurity,economicSecurityNote,auditsPerformed,decentralizationModel,sdk,tag,supportContacts,networkSupportBasis
enosys-bridge-mainnet,,!offer:enosys-bridge,,mainnet,,,,,,,,,,,,,,,,,,,,
hyperlane-mainnet,,!offer:hyperlane,,mainnet,,,,,,,,,,,,,,,,,,,,
interport-mainnet,,!offer:interport,,mainnet,,,,,,,,,,,,,,,,,,,,
jumper-mainnet,,!offer:jumper,,mainnet,,,,,,,,,,,,,,,,,,,,
layerzero-mainnet,,!offer:layerzero,,mainnet,,,,,,,,,,,,,,,,,,,,
rubic-mainnet,,!offer:rubic,,mainnet,,,,,,,,,,,,,,,,,,,,
smolrefuel-mainnet,,!offer:smolrefuel,,mainnet,,,,,,,,,,,,,,,,,,,,
stargate-mainnet,,!offer:stargate,,mainnet,,,,,,,,,,,,,,,,,,,,
zkbridge-mainnet,,!offer:zkbridge,,mainnet,,,,,,,,,,,,,,,,,,,,
