slug,chainId,provider,offer,actionButtons,planName,planType,historicalData,apiType,technology,chain,accessPrice,queryPrice,starred,trial,availableApis,limitations,securityImprovements,monitoringAndAnalytics,regions,additionalFeatures,address,tag,uptimeSla,verifiedUptime,blocksBehindSla,verifiedBlocksBehindAvg,bandwidthSla,verifiedLatency,supportSla
alchemy-mainnet-free-recent-state,10143,,!offer:alchemy-free-recent-state,"[""[Website](https://www.alchemy.com/monad)"",""[Docs](https://www.alchemy.com/docs/reference/monad-api-quickstart)""]",,,,,,mainnet,,,,,,,,,,,,,,,,,,,
ankr-mainnet-free-recent-state,10143,,!offer:ankr-free-recent-state,"[""[Website](https://www.ankr.com/rpc/?utm_referral=t26yw96jZJ)"",""[Docs](https://www.ankr.com/web3-api/chains-list/monad/)""]",,,,,,mainnet,,,,,,,,,,,,,,,,,,,
blockdaemon-mainnet-free-recent-state,10143,,!offer:blockdaemon-free-recent-state,"[""[Website](https://www.blockdaemon.com/protocols/monad)"",""[Docs](https://www.blockdaemon.com/protocols/monad)""]",,,,,,mainnet,,,,,,,,,,,,,,,,,,,
blockeden-mainnet-basic-recent-state,10143,,!offer:blockeden-basic-recent-state,,,,,,,mainnet,,,,,,,,,,,,,,,,,,,
blockeden-mainnet-enterprise-50-recent-state,10143,,!offer:blockeden-enterprise-50-recent-state,,,,,,,mainnet,,,,,,,,,,,,,,,,,,,
blockeden-mainnet-enterprise-500-recent-state,10143,,!offer:blockeden-enterprise-500-recent-state,,,,,,,mainnet,,,,,,,,,,,,,,,,,,,
blockeden-mainnet-free-recent-state,10143,,!offer:blockeden-free-recent-state,,,,,,,mainnet,,,,,,,,,,,,,,,,,,,
blockeden-mainnet-pro-recent-state,10143,,!offer:blockeden-pro-recent-state,,,,,,,mainnet,,,,,,,,,,,,,,,,,,,
blockpi-mainnet-free-recent-state,10143,,!offer:blockpi-free-recent-state,"[""[Website](https://blockpi.io/chain/monad)"",""[Docs](https://blockpi.io/chain/monad)""]",,,,,,mainnet,,,,,,,,,,,,,,,,,,,
drpc-mainnet-free-recent-state,10143,,!offer:drpc-free-recent-state,"[""[Website](https://drpc.org?ref=7100cc)"",""[Docs](https://drpc.org/chainlist/monad-mainnet-rpc)""]",,,,,,mainnet,,,,,,,,,,,,,,,,,,,
dwellir-mainnet-free-recent-state,10143,,!offer:dwellir-free-recent-state,"[""[Website](https://dwellir.com/networks/monad)"",""[Docs](https://dwellir.com/networks/monad)""]",,,,,,mainnet,,,,,,,,,,,,,,,,,,,
etherscan-api-mainnet-advanced-full-archive,10143,,!offer:etherscan-api-advanced-full-archive,"[""[Docs](https://docs.etherscan.io/supported-chains)""]",,,,,,mainnet,,,,,,,,,,,,,,,,,,,
etherscan-api-mainnet-free-full-archive,10143,,!offer:etherscan-api-free-full-archive,"[""[Docs](https://docs.etherscan.io/supported-chains)""]",,,,,,mainnet,,,,,,,,,,,,,,,,,,,
etherscan-api-mainnet-lite-full-archive,10143,,!offer:etherscan-api-lite-full-archive,"[""[Docs](https://docs.etherscan.io/supported-chains)""]",,,,,,mainnet,,,,,,,,,,,,,,,,,,,
etherscan-api-mainnet-pro-plus-full-archive,10143,,!offer:etherscan-api-pro-plus-full-archive,"[""[Docs](https://docs.etherscan.io/supported-chains)""]",,,,,,mainnet,,,,,,,,,,,,,,,,,,,
etherscan-api-mainnet-professional-full-archive,10143,,!offer:etherscan-api-professional-full-archive,"[""[Docs](https://docs.etherscan.io/supported-chains)""]",,,,,,mainnet,,,,,,,,,,,,,,,,,,,
etherscan-api-mainnet-standard-full-archive,10143,,!offer:etherscan-api-standard-full-archive,"[""[Docs](https://docs.etherscan.io/supported-chains)""]",,,,,,mainnet,,,,,,,,,,,,,,,,,,,
etherscan-api-testnet-advanced-full-archive,10143,,!offer:etherscan-api-advanced-full-archive,"[""[Docs](https://docs.etherscan.io/supported-chains)""]",,,,,,testnet,,,,,,,,,,,,,,,,,,,
etherscan-api-testnet-free-full-archive,10143,,!offer:etherscan-api-free-full-archive,"[""[Docs](https://docs.etherscan.io/supported-chains)""]",,,,,,testnet,,,,,,,,,,,,,,,,,,,
etherscan-api-testnet-lite-full-archive,10143,,!offer:etherscan-api-lite-full-archive,"[""[Docs](https://docs.etherscan.io/supported-chains)""]",,,,,,testnet,,,,,,,,,,,,,,,,,,,
etherscan-api-testnet-pro-plus-full-archive,10143,,!offer:etherscan-api-pro-plus-full-archive,"[""[Docs](https://docs.etherscan.io/supported-chains)""]",,,,,,testnet,,,,,,,,,,,,,,,,,,,
etherscan-api-testnet-professional-full-archive,10143,,!offer:etherscan-api-professional-full-archive,"[""[Docs](https://docs.etherscan.io/supported-chains)""]",,,,,,testnet,,,,,,,,,,,,,,,,,,,
etherscan-api-testnet-standard-full-archive,10143,,!offer:etherscan-api-standard-full-archive,"[""[Docs](https://docs.etherscan.io/supported-chains)""]",,,,,,testnet,,,,,,,,,,,,,,,,,,,
getblock-mainnet-free-recent-state,10143,,!offer:getblock-free-recent-state,"[""[Buy](https://account.getblock.io/sign-up?ref=YzczMmRjMTEtMGIyOC01YmZiLTlmNjAtZmRlM2VkODAyYjNk)"",""[Docs](https://getblock.io/nodes/monad/)""]",,,,,,mainnet,,,,,,,,,,,,,,,,,,,
infura-mainnet-core-full-archive,10143,,!offer:infura-core-full-archive,"[""[Website](https://www.infura.io/networks/monad)"",""[Docs](https://docs.metamask.io/services/reference/monad/)""]",,,,,,mainnet,,,,,,,,,,,,,,,,,,,
infura-mainnet-core-recent-state,10143,,!offer:infura-core-recent-state,"[""[Website](https://www.infura.io/networks/monad)"",""[Docs](https://docs.metamask.io/services/reference/monad/)""]",,,,,,mainnet,,,,,,,,,,,,,,,,,,,
infura-mainnet-developer-full-archive,10143,,!offer:infura-developer-full-archive,"[""[Buy](https://www.infura.io/pricing)"",""[Docs](https://docs.metamask.io/services/reference/monad/)""]",,,,,,mainnet,,,,,,,,,,,,,,,,,,,
infura-mainnet-developer-recent-state,10143,,!offer:infura-developer-recent-state,"[""[Buy](https://www.infura.io/pricing)"",""[Docs](https://docs.metamask.io/services/reference/monad/)""]",,,,,,mainnet,,,,,,,,,,,,,,,,,,,
infura-mainnet-team-full-archive,10143,,!offer:infura-team-full-archive,"[""[Buy](https://www.infura.io/pricing)"",""[Docs](https://docs.metamask.io/services/reference/monad/)""]",,,,,,mainnet,,,,,,,,,,,,,,,,,,,
infura-mainnet-team-recent-state,10143,,!offer:infura-team-recent-state,"[""[Buy](https://www.infura.io/pricing)"",""[Docs](https://docs.metamask.io/services/reference/monad/)""]",,,,,,mainnet,,,,,,,,,,,,,,,,,,,
infura-testnet-core-full-archive,10143,,!offer:infura-core-full-archive,"[""[Website](https://www.infura.io/networks/monad)"",""[Docs](https://docs.metamask.io/services/reference/monad/)""]",,,,,,testnet,,,,,,,,,,,,,,,,,,,
infura-testnet-core-recent-state,10143,,!offer:infura-core-recent-state,"[""[Website](https://www.infura.io/networks/monad)"",""[Docs](https://docs.metamask.io/services/reference/monad/)""]",,,,,,testnet,,,,,,,,,,,,,,,,,,,
infura-testnet-developer-full-archive,10143,,!offer:infura-developer-full-archive,"[""[Buy](https://www.infura.io/pricing)"",""[Docs](https://docs.metamask.io/services/reference/monad/)""]",,,,,,testnet,,,,,,,,,,,,,,,,,,,
infura-testnet-developer-recent-state,10143,,!offer:infura-developer-recent-state,"[""[Buy](https://www.infura.io/pricing)"",""[Docs](https://docs.metamask.io/services/reference/monad/)""]",,,,,,testnet,,,,,,,,,,,,,,,,,,,
infura-testnet-team-full-archive,10143,,!offer:infura-team-full-archive,"[""[Buy](https://www.infura.io/pricing)"",""[Docs](https://docs.metamask.io/services/reference/monad/)""]",,,,,,testnet,,,,,,,,,,,,,,,,,,,
infura-testnet-team-recent-state,10143,,!offer:infura-team-recent-state,"[""[Buy](https://www.infura.io/pricing)"",""[Docs](https://docs.metamask.io/services/reference/monad/)""]",,,,,,testnet,,,,,,,,,,,,,,,,,,,
noves-testnet-business-custom,10143,,!offer:noves-business-custom,"[""[Docs](https://docs.noves.fi/reference/supported-chains)""]",,,,,,testnet,,,,,,,,,,,,,,,,,,,
noves-testnet-developer-custom,10143,,!offer:noves-developer-custom,"[""[Docs](https://docs.noves.fi/reference/supported-chains)""]",,,,,,testnet,,,,,,,,,,,,,,,,,,,
noves-testnet-free-custom,10143,,!offer:noves-free-custom,"[""[Docs](https://docs.noves.fi/reference/supported-chains)""]",,,,,,testnet,,,,,,,,,,,,,,,,,,,
quicknode-mainnet-accelerate-full-archive,10143,,!offer:quicknode-accelerate-full-archive,,,,,,,mainnet,,,,,,,,,,,,,,,,,,,
quicknode-mainnet-accelerate-recent-state,10143,,!offer:quicknode-accelerate-recent-state,,,,,,,mainnet,,,,,,,,,,,,,,,,,,,
quicknode-mainnet-build-full-archive,10143,,!offer:quicknode-build-full-archive,,,,,,,mainnet,,,,,,,,,,,,,,,,,,,
quicknode-mainnet-build-recent-state,10143,,!offer:quicknode-build-recent-state,,,,,,,mainnet,,,,,,,,,,,,,,,,,,,
quicknode-mainnet-business-full-archive,10143,,!offer:quicknode-business-full-archive,,,,,,,mainnet,,,,,,,,,,,,,,,,,,,
quicknode-mainnet-business-recent-state,10143,,!offer:quicknode-business-recent-state,,,,,,,mainnet,,,,,,,,,,,,,,,,,,,
quicknode-mainnet-scale-full-archive,10143,,!offer:quicknode-scale-full-archive,,,,,,,mainnet,,,,,,,,,,,,,,,,,,,
quicknode-mainnet-scale-recent-state,10143,,!offer:quicknode-scale-recent-state,,,,,,,mainnet,,,,,,,,,,,,,,,,,,,
quicknode-testnet-accelerate-full-archive,10143,,!offer:quicknode-accelerate-full-archive,,,,,,,testnet,,,,,,,,,,,,,,,,,,,
quicknode-testnet-accelerate-recent-state,10143,,!offer:quicknode-accelerate-recent-state,,,,,,,testnet,,,,,,,,,,,,,,,,,,,
quicknode-testnet-build-full-archive,10143,,!offer:quicknode-build-full-archive,,,,,,,testnet,,,,,,,,,,,,,,,,,,,
quicknode-testnet-build-recent-state,10143,,!offer:quicknode-build-recent-state,,,,,,,testnet,,,,,,,,,,,,,,,,,,,
quicknode-testnet-business-full-archive,10143,,!offer:quicknode-business-full-archive,,,,,,,testnet,,,,,,,,,,,,,,,,,,,
quicknode-testnet-business-recent-state,10143,,!offer:quicknode-business-recent-state,,,,,,,testnet,,,,,,,,,,,,,,,,,,,
quicknode-testnet-scale-full-archive,10143,,!offer:quicknode-scale-full-archive,,,,,,,testnet,,,,,,,,,,,,,,,,,,,
quicknode-testnet-scale-recent-state,10143,,!offer:quicknode-scale-recent-state,,,,,,,testnet,,,,,,,,,,,,,,,,,,,
spectrum-mainnet-business-full-archive,10143,,!offer:spectrum-business-full-archive,"[""[Website](https://spectrumnodes.com/networks/monad-rpc)""]",,,,,,mainnet,,,,,,,,,,,,,,,,,,,
spectrum-mainnet-business-recent-state,10143,,!offer:spectrum-business-recent-state,"[""[Website](https://spectrumnodes.com/networks/monad-rpc)""]",,,,,,mainnet,,,,,,,,,,,,,,,,,,,
spectrum-mainnet-business-trace,10143,,!offer:spectrum-business-trace,"[""[Website](https://spectrumnodes.com/networks/monad-rpc)""]",,,,,,mainnet,,,,,,,,,,,,,,,,,,,
spectrum-mainnet-developer-full-archive,10143,,!offer:spectrum-developer-full-archive,"[""[Website](https://spectrumnodes.com/networks/monad-rpc)""]",,,,,,mainnet,,,,,,,,,,,,,,,,,,,
spectrum-mainnet-developer-recent-state,10143,,!offer:spectrum-developer-recent-state,"[""[Website](https://spectrumnodes.com/networks/monad-rpc)""]",,,,,,mainnet,,,,,,,,,,,,,,,,,,,
spectrum-mainnet-developer-trace,10143,,!offer:spectrum-developer-trace,"[""[Website](https://spectrumnodes.com/networks/monad-rpc)""]",,,,,,mainnet,,,,,,,,,,,,,,,,,,,
spectrum-mainnet-enterprise-full-archive,10143,,!offer:spectrum-enterprise-full-archive,"[""[Website](https://spectrumnodes.com/networks/monad-rpc)""]",,,,,,mainnet,,,,,,,,,,,,,,,,,,,
spectrum-mainnet-enterprise-recent-state,10143,,!offer:spectrum-enterprise-recent-state,"[""[Website](https://spectrumnodes.com/networks/monad-rpc)""]",,,,,,mainnet,,,,,,,,,,,,,,,,,,,
spectrum-mainnet-enterprise-trace,10143,,!offer:spectrum-enterprise-trace,"[""[Website](https://spectrumnodes.com/networks/monad-rpc)""]",,,,,,mainnet,,,,,,,,,,,,,,,,,,,
spectrum-mainnet-free-full-archive,10143,,!offer:spectrum-free-full-archive,"[""[Website](https://spectrumnodes.com/networks/monad-rpc)""]",,,,,,mainnet,,,,,,,,,,,,,,,,,,,
spectrum-mainnet-free-recent-state,10143,,!offer:spectrum-free-recent-state,"[""[Website](https://spectrumnodes.com/networks/monad-rpc)""]",,,,,,mainnet,,,,,,,,,,,,,,,,,,,
spectrum-mainnet-free-trace,10143,,!offer:spectrum-free-trace,"[""[Website](https://spectrumnodes.com/networks/monad-rpc)""]",,,,,,mainnet,,,,,,,,,,,,,,,,,,,
spectrum-testnet-business-recent-state,10143,,!offer:spectrum-business-recent-state,"[""[Website](https://spectrumnodes.com/networks/monad-rpc)""]",,,,,,testnet,,,,,,,,,,,,,,,,,,,
spectrum-testnet-developer-recent-state,10143,,!offer:spectrum-developer-recent-state,"[""[Website](https://spectrumnodes.com/networks/monad-rpc)""]",,,,,,testnet,,,,,,,,,,,,,,,,,,,
spectrum-testnet-enterprise-recent-state,10143,,!offer:spectrum-enterprise-recent-state,"[""[Website](https://spectrumnodes.com/networks/monad-rpc)""]",,,,,,testnet,,,,,,,,,,,,,,,,,,,
tatum-mainnet-free-recent-state,10143,,!offer:tatum-free-recent-state,"[""[Website](https://www.tatum.io?via=chainlove)"",""[Docs](https://tatum.io/exclusive/monad)""]",,,,,,mainnet,,,,,,,,,,,,,,,,,,,
thirdweb-mainnet-dedicated-recent-state,10143,,!offer:thirdweb-dedicated-recent-state,,,,,,,mainnet,,,,,,,,,,,,,,,,,,,
thirdweb-mainnet-growth-indexer,10143,,!offer:thirdweb-growth-indexer,,,,,,,mainnet,,,,,,,,,,,,,,,,,,,
thirdweb-mainnet-growth-recent-state,10143,,!offer:thirdweb-growth-recent-state,,,,,,,mainnet,,,,,,,,,,,,,,,,,,,
thirdweb-mainnet-scale-indexer,10143,,!offer:thirdweb-scale-indexer,,,,,,,mainnet,,,,,,,,,,,,,,,,,,,
thirdweb-mainnet-scale-recent-state,10143,,!offer:thirdweb-scale-recent-state,,,,,,,mainnet,,,,,,,,,,,,,,,,,,,
thirdweb-mainnet-starter-indexer,10143,,!offer:thirdweb-starter-indexer,,,,,,,mainnet,,,,,,,,,,,,,,,,,,,
thirdweb-mainnet-starter-recent-state,10143,,!offer:thirdweb-starter-recent-state,,,,,,,mainnet,,,,,,,,,,,,,,,,,,,
thirdweb-testnet-dedicated-recent-state,10143,,!offer:thirdweb-dedicated-recent-state,,,,,,,testnet,,,,,,,,,,,,,,,,,,,
thirdweb-testnet-growth-indexer,10143,,!offer:thirdweb-growth-indexer,,,,,,,testnet,,,,,,,,,,,,,,,,,,,
thirdweb-testnet-growth-recent-state,10143,,!offer:thirdweb-growth-recent-state,,,,,,,testnet,,,,,,,,,,,,,,,,,,,
thirdweb-testnet-scale-indexer,10143,,!offer:thirdweb-scale-indexer,,,,,,,testnet,,,,,,,,,,,,,,,,,,,
thirdweb-testnet-scale-recent-state,10143,,!offer:thirdweb-scale-recent-state,,,,,,,testnet,,,,,,,,,,,,,,,,,,,
thirdweb-testnet-starter-indexer,10143,,!offer:thirdweb-starter-indexer,,,,,,,testnet,,,,,,,,,,,,,,,,,,,
thirdweb-testnet-starter-recent-state,10143,,!offer:thirdweb-starter-recent-state,,,,,,,testnet,,,,,,,,,,,,,,,,,,,
uniblock-mainnet-business-custom,10143,,!offer:uniblock-business-custom,,,,,,,mainnet,,,,,,,,,,,,,,,,,,,
uniblock-mainnet-dedicated-custom,10143,,!offer:uniblock-dedicated-custom,,,,,,,mainnet,,,,,,,,,,,,,,,,,,,
uniblock-mainnet-growth-custom,10143,,!offer:uniblock-growth-custom,,,,,,,mainnet,,,,,,,,,,,,,,,,,,,
uniblock-mainnet-pro-custom,10143,,!offer:uniblock-pro-custom,,,,,,,mainnet,,,,,,,,,,,,,,,,,,,
uniblock-mainnet-startup-custom,10143,,!offer:uniblock-startup-custom,,,,,,,mainnet,,,,,,,,,,,,,,,,,,,
uniblock-testnet-business-custom,10143,,!offer:uniblock-business-custom,,,,,,,testnet,,,,,,,,,,,,,,,,,,,
uniblock-testnet-dedicated-custom,10143,,!offer:uniblock-dedicated-custom,,,,,,,testnet,,,,,,,,,,,,,,,,,,,
uniblock-testnet-growth-custom,10143,,!offer:uniblock-growth-custom,,,,,,,testnet,,,,,,,,,,,,,,,,,,,
uniblock-testnet-pro-custom,10143,,!offer:uniblock-pro-custom,,,,,,,testnet,,,,,,,,,,,,,,,,,,,
uniblock-testnet-startup-custom,10143,,!offer:uniblock-startup-custom,,,,,,,testnet,,,,,,,,,,,,,,,,,,,
validation-cloud-mainnet-free-recent-state,10143,,!offer:validation-cloud-free-recent-state,"[""[Website](https://validationcloud.io/monad)"",""[Docs](https://docs.validationcloud.io/monad)""]",,,,,,mainnet,,,,,,,,,,,,,,,,,,,
zerion-mainnet-builder-indexer,10143,,!offer:zerion-builder-indexer,,,,,,,mainnet,,,,,,,,,,,,,,,,,,,
zerion-mainnet-developer-indexer,10143,,!offer:zerion-developer-indexer,,,,,,,mainnet,,,,,,,,,,,,,,,,,,,
zerion-mainnet-enterprise-indexer,10143,,!offer:zerion-enterprise-indexer,,,,,,,mainnet,,,,,,,,,,,,,,,,,,,
zerion-mainnet-growth-indexer,10143,,!offer:zerion-growth-indexer,,,,,,,mainnet,,,,,,,,,,,,,,,,,,,
zerion-mainnet-startup-indexer,10143,,!offer:zerion-startup-indexer,,,,,,,mainnet,,,,,,,,,,,,,,,,,,,
zerion-testnet-builder-indexer,10143,,!offer:zerion-builder-indexer,,,,,,,testnet,,,,,,,,,,,,,,,,,,,
zerion-testnet-developer-indexer,10143,,!offer:zerion-developer-indexer,,,,,,,testnet,,,,,,,,,,,,,,,,,,,
zerion-testnet-enterprise-indexer,10143,,!offer:zerion-enterprise-indexer,,,,,,,testnet,,,,,,,,,,,,,,,,,,,
zerion-testnet-growth-indexer,10143,,!offer:zerion-growth-indexer,,,,,,,testnet,,,,,,,,,,,,,,,,,,,
zerion-testnet-startup-indexer,10143,,!offer:zerion-startup-indexer,,,,,,,testnet,,,,,,,,,,,,,,,,,,,
