slug,provider,offer,actionButtons,chain,technology,txSpeedSla,throughputSla,openSource,support,starred,availableApis,monitoringAndAnalytics,additionalFeatures,assetTypes,price,economicSecurity,economicSecurityNote,auditsPerformed,decentralizationModel,sdk,supportedChains,tag,supportContacts
celer,,!offer:celer,,mainnet,,,,,,,,,,,,,,,,,,,
crosscurve,,!offer:crosscurve,,mainnet,,,,,,,,,,,,,,,,,,,
hyperlane,,!offer:hyperlane,,mainnet,,,,,,,,,,,,,,,,,,,
interport,,!offer:interport,,mainnet,,,,,,,,,,,,,,,,,,,
layerswap,,!offer:layerswap,,mainnet,,,,,,,,,,,,,,,,,,,
meson,,!offer:meson,,mainnet,,,,,,,,,,,,,,,,,,,
orbiter,,!offer:orbiter,,mainnet,,,,,,,,,,,,,,,,,,,
owlto,,!offer:owlto,,mainnet,,,,,,,,,,,,,,,,,,,
rubic,,!offer:rubic,,mainnet,,,,,,,,,,,,,,,,,,,
smolrefuel,,!offer:smolrefuel,,mainnet,,,,,,,,,,,,,,,,,,,
stargate,,!offer:stargate,,mainnet,,,,,,,,,,,,,,,,,,,
symbiosis,,!offer:symbiosis,,mainnet,,,,,,,,,,,,,,,,,,,
