slug,provider,offer,actionButtons,toolType,programmingLanguage,tag,description,planType,planName,price,trial,starred,dependencies,latestKnownVersion,latestKnownReleaseDate,maintainer,license
0x-cert,,!offer:0x-cert,,,,,,,,,,,,,,,
0x-cert,,!offer:0x-cert,,,,,,,,,,,,,,,
alchemy-sdk-enterprise,,!offer:alchemy-sdk-enterprise,,,,,,,,,,,,,,,
alchemy-sdk-free,,!offer:alchemy-sdk-free,,,,,,,,,,,,,,,
alchemy-sdk-free,,!offer:alchemy-sdk-free,,,,,,,,,,,,,,,
alchemy-sdk-pay-as-you-go,,!offer:alchemy-sdk-pay-as-you-go,,,,,,,,,,,,,,,
alchemy-sdk-pay-as-you-go,,!offer:alchemy-sdk-pay-as-you-go,,,,,,,,,,,,,,,
ankr-sdk,,!offer:ankr-sdk,,,,,,,,,,,,,,,
ankr-sdk,,!offer:ankr-sdk,,,,,,,,,,,,,,,
anyalt,,!offer:anyalt,,,,,,,,,,,,,,,
anyalt,,!offer:anyalt,,,,,,,,,,,,,,,
arbitrum-sdk,,!offer:arbitrum-sdk,,,,,,,,,,,,,,,
arbitrum-sdk,,!offer:arbitrum-sdk,,,,,,,,,,,,,,,
assembly-script,,!offer:assembly-script,,,,,,,,,,,,,,,
assembly-script,,!offer:assembly-script,,,,,,,,,,,,,,,
avalanche-sdk-chainkit,,!offer:avalanche-sdk-chainkit,,,,,,,,,,,,,,,
avalanche-sdk-client,,!offer:avalanche-sdk-client,,,,,,,,,,,,,,,
avalanche-sdk-interchain,,!offer:avalanche-sdk-interchain,,,,,,,,,,,,,,,
axelar-sdk,,!offer:axelar-sdk,,,,,,,,,,,,,,,
axelar-sdk,,!offer:axelar-sdk,,,,,,,,,,,,,,,
aztec-sdk-free,,!offer:aztec-sdk-free,,,,,,,,,,,,,,,
aztec-sdk-free,,!offer:aztec-sdk-free,,,,,,,,,,,,,,,
biconomy,,!offer:biconomy,,,,,,,,,,,,,,,
blockdaemon-sdk-enterprise,,!offer:blockdaemon-sdk-enterprise,,,,,,,,,,,,,,,
blockdaemon-sdk-free,,!offer:blockdaemon-sdk-free,,,,,,,,,,,,,,,
blockdaemon-sdk-free,,!offer:blockdaemon-sdk-free,,,,,,,,,,,,,,,
blockdaemon-sdk-growth,,!offer:blockdaemon-sdk-growth,,,,,,,,,,,,,,,
blockdaemon-sdk-growth,,!offer:blockdaemon-sdk-growth,,,,,,,,,,,,,,,
blockdaemon-sdk-starter,,!offer:blockdaemon-sdk-starter,,,,,,,,,,,,,,,
blockdaemon-sdk-starter,,!offer:blockdaemon-sdk-starter,,,,,,,,,,,,,,,
blueprint-func,,!offer:blueprint-func,,,,,,,,,,,,,,,
blueprint-tact,,!offer:blueprint-tact,,,,,,,,,,,,,,,
blueprint-tolk,,!offer:blueprint-tolk,,,,,,,,,,,,,,,
brownie,,!offer:brownie,,,,,,,,,,,,,,,
brownie,,!offer:brownie,,,,,,,,,,,,,,,
capstone-disassembler,,!offer:capstone-disassembler,,,,,,,,,,,,,,,
capstone-disassembler,,!offer:capstone-disassembler,,,,,,,,,,,,,,,
chainbase-sdk-developer,,!offer:chainbase-sdk-developer,,,,,,,,,,,,,,,
chainbase-sdk-developer,,!offer:chainbase-sdk-developer,,,,,,,,,,,,,,,
chainbase-sdk-enterprise,,!offer:chainbase-sdk-enterprise,,,,,,,,,,,,,,,
chainbase-sdk-free,,!offer:chainbase-sdk-free,,,,,,,,,,,,,,,
chainbase-sdk-free,,!offer:chainbase-sdk-free,,,,,,,,,,,,,,,
connectkit,,!offer:connectkit,,,,,,,,,,,,,,,
connectkit,,!offer:connectkit,,,,,,,,,,,,,,,
dappkit,,!offer:dappkit,,,,,,,,,,,,,,,
dappkit,,!offer:dappkit,,,,,,,,,,,,,,,
db3-js,,!offer:db3-js,,,,,,,,,,,,,,,
db3-js,,!offer:db3-js,,,,,,,,,,,,,,,
dfns-sdk-basic,,!offer:dfns-sdk-basic,,,,,,,,,,,,,,,
dfns-sdk-basic,,!offer:dfns-sdk-basic,,,,,,,,,,,,,,,
dfns-sdk-enterprise,,!offer:dfns-sdk-enterprise,,,,,,,,,,,,,,,
dfns-sdk-pro,,!offer:dfns-sdk-pro,,,,,,,,,,,,,,,
dfns-sdk-pro,,!offer:dfns-sdk-pro,,,,,,,,,,,,,,,
dfns-sdk-starter,,!offer:dfns-sdk-starter,,,,,,,,,,,,,,,
dfns-sdk-starter,,!offer:dfns-sdk-starter,,,,,,,,,,,,,,,
dynamic-sdk-free,,!offer:dynamic-sdk-free,,,,,,,,,,,,,,,
dynamic-sdk-free,,!offer:dynamic-sdk-free,,,,,,,,,,,,,,,
dynamic-sdk-growth,,!offer:dynamic-sdk-growth,,,,,,,,,,,,,,,
dynamic-sdk-growth,,!offer:dynamic-sdk-growth,,,,,,,,,,,,,,,
embark,,!offer:embark,,,,,,,,,,,,,,,
embark,,!offer:embark,,,,,,,,,,,,,,,
ens-js,,!offer:ens-js,,,,,,,,,,,,,,,
ens-js,,!offer:ens-js,,,,,,,,,,,,,,,
eth-tx,,!offer:eth-tx,,,,,,,,,,,,,,,
eth-tx,,!offer:eth-tx,,,,,,,,,,,,,,,
ethers-js,,!offer:ethers-js,,,,,,,,,,,,,,,
ethers-js,,!offer:ethers-js,,,,,,,,,,,,,,,
etherspot,,!offer:etherspot,,,,,,,,,,,,,,,
etherspot,,!offer:etherspot,,,,,,,,,,,,,,,
foundry,,!offer:foundry,,,,,,,,,,,,,,,
foundry,,!offer:foundry,,,,,,,,,,,,,,,
fuzzlib,,!offer:fuzzlib,,,,,,,,,,,,,,,
fuzzlib,,!offer:fuzzlib,,,,,,,,,,,,,,,
halliday-sdk,,!offer:halliday-sdk,,,,,,,,,,,,,,,
halliday-sdk,,!offer:halliday-sdk,,,,,,,,,,,,,,,
hardhat,,!offer:hardhat,,,,,,,,,,,,,,,
hardhat,,!offer:hardhat,,,,,,,,,,,,,,,
huff,,!offer:huff,,,,,,,,,,,,,,,
huff,,!offer:huff,,,,,,,,,,,,,,,
huffmate,,!offer:huffmate,,,,,,,,,,,,,,,
huffmate,,!offer:huffmate,,,,,,,,,,,,,,,
hyperlane-sdk,,!offer:hyperlane-sdk,,,,,,,,,,,,,,,
hyperlane-sdk,,!offer:hyperlane-sdk,,,,,,,,,,,,,,,
layerzero-sdk,,!offer:layerzero-sdk,,,,,,,,,,,,,,,
layerzero-sdk,,!offer:layerzero-sdk,,,,,,,,,,,,,,,
lens-sdk,,!offer:lens-sdk,,,,,,,,,,,,,,,
lens-sdk,,!offer:lens-sdk,,,,,,,,,,,,,,,
lifi-sdk,,!offer:lifi-sdk,,,,,,,,,,,,,,,
lifi-sdk,,!offer:lifi-sdk,,,,,,,,,,,,,,,
magic,,!offer:magic,,,,,,,,,,,,,,,
magic,,!offer:magic,,,,,,,,,,,,,,,
matic-js,,!offer:matic-js,,,,,,,,,,,,,,,
matic-js,,!offer:matic-js,,,,,,,,,,,,,,,
moralis-sdk-javascript,,!offer:moralis-sdk-javascript,,,,,,,,,,,,,,,
moralis-sdk-javascript,,!offer:moralis-sdk-javascript,,,,,,,,,,,,,,,
moralis-sdk-python,,!offer:moralis-sdk-python,,,,,,,,,,,,,,,
moralis-sdk-python,,!offer:moralis-sdk-python,,,,,,,,,,,,,,,
ocean-protocol-sdk,,!offer:ocean-protocol-sdk,,,,,,,,,,,,,,,
ocean-protocol-sdk,,!offer:ocean-protocol-sdk,,,,,,,,,,,,,,,
open-zeppelin-test-helpers,,!offer:open-zeppelin-test-helpers,,,,,,,,,,,,,,,
open-zeppelin-test-helpers,,!offer:open-zeppelin-test-helpers,,,,,,,,,,,,,,,
openzeppelin,,!offer:openzeppelin,,,,,,,,,,,,,,,
openzeppelin,,!offer:openzeppelin,,,,,,,,,,,,,,,
pinata-sdk-fiesta,,!offer:pinata-sdk-fiesta,,,,,,,,,,,,,,,
pinata-sdk-fiesta,,!offer:pinata-sdk-fiesta,,,,,,,,,,,,,,,
pinata-sdk-free,,!offer:pinata-sdk-free,,,,,,,,,,,,,,,
pinata-sdk-free,,!offer:pinata-sdk-free,,,,,,,,,,,,,,,
pinata-sdk-picnic,,!offer:pinata-sdk-picnic,,,,,,,,,,,,,,,
pinata-sdk-picnic,,!offer:pinata-sdk-picnic,,,,,,,,,,,,,,,
prb-test,,!offer:prb-test,,,,,,,,,,,,,,,
prb-test,,!offer:prb-test,,,,,,,,,,,,,,,
py-sdk,Arbitrum Python SDK,,"[""[Docs](https://docs.pypi.org/)""]",SDK,Python,"[""Bridge SDK""]",Python version of Arbitrum SDK for asset bridging and contract interactions,Free,,$0 ,FALSE,FALSE,,TBD,TBD,TBD,TBD
py-sdk,Arbitrum Python SDK,,"[""[Docs](https://docs.pypi.org/)""]",SDK,Python,"[""Bridge SDK""]",Python version of Arbitrum SDK for asset bridging and contract interactions,Free,,$0 ,FALSE,FALSE,,TBD,TBD,TBD,TBD
quicknode-sdk-accelerate,,!offer:quicknode-sdk-accelerate,,,,,,,,,,,,,,,
quicknode-sdk-accelerate,,!offer:quicknode-sdk-accelerate,,,,,,,,,,,,,,,
quicknode-sdk-build,,!offer:quicknode-sdk-build,,,,,,,,,,,,,,,
quicknode-sdk-build,,!offer:quicknode-sdk-build,,,,,,,,,,,,,,,
quicknode-sdk-business,,!offer:quicknode-sdk-business,,,,,,,,,,,,,,,
quicknode-sdk-business,,!offer:quicknode-sdk-business,,,,,,,,,,,,,,,
quicknode-sdk-scale,,!offer:quicknode-sdk-scale,,,,,,,,,,,,,,,
quicknode-sdk-scale,,!offer:quicknode-sdk-scale,,,,,,,,,,,,,,,
quiver,,!offer:quiver,,,,,,,,,,,,,,,
quiver,,!offer:quiver,,,,,,,,,,,,,,,
rockx-sdk,,!offer:rockx-sdk,,,,,,,,,,,,,,,
rockx-sdk,,!offer:rockx-sdk,,,,,,,,,,,,,,,
slug,provider,offer,actionButtons,toolType,programmingLanguage,tag,description,planType,planName,price,trial,starred,dependencies,latestKnownVersion,latestKnownReleaseDate,maintainer,license
stylus-sdk,Stylus SDK,,"[""[Docs](https://docs.arbitrum.io/stylus/gentle-introduction)""]",SDK,TBD,"[""Rust"",""C++"",""WASM Contracts""]",Rust/C++ WASM smart contract SDK for writing on‑chain Stylus contracts on Arbitrum,Free,,$0,FALSE,FALSE,,TBD,TBD,TBD,TBD
stylus-sdk,Stylus SDK,,"[""[Docs](https://docs.arbitrum.io/stylus/gentle-introduction)""]",SDK,TBD,"[""Rust"",""C++"",""WASM Contracts""]",Rust/C++ WASM smart contract SDK for writing on‑chain Stylus contracts on Arbitrum,Free,,$0,FALSE,FALSE,,TBD,TBD,TBD,TBD
swap-kit,,!offer:swap-kit,,,,,,,,,,,,,,,
swap-kit,,!offer:swap-kit,,,,,,,,,,,,,,,
tatum-sdk-free,,!offer:tatum-sdk-free,,,,,,,,,,,,,,,
tatum-sdk-free,,!offer:tatum-sdk-free,,,,,,,,,,,,,,,
tatum-sdk-pro,,!offer:tatum-sdk-pro,,,,,,,,,,,,,,,
tatum-sdk-pro,,!offer:tatum-sdk-pro,,,,,,,,,,,,,,,
tatum-sdk-scale,,!offer:tatum-sdk-scale,,,,,,,,,,,,,,,
tatum-sdk-scale,,!offer:tatum-sdk-scale,,,,,,,,,,,,,,,
tatum-sdk-starter,,!offer:tatum-sdk-starter,,,,,,,,,,,,,,,
tatum-sdk-starter,,!offer:tatum-sdk-starter,,,,,,,,,,,,,,,
thirdweb-sdk,,!offer:thirdweb-sdk,,,,,,,,,,,,,,,
thirdweb-sdk,,!offer:thirdweb-sdk,,,,,,,,,,,,,,,
turnkey-sdk-free,,!offer:turnkey-sdk-free,,,,,,,,,,,,,,,
turnkey-sdk-free,,!offer:turnkey-sdk-free,,,,,,,,,,,,,,,
turnkey-sdk-pro,,!offer:turnkey-sdk-pro,,,,,,,,,,,,,,,
turnkey-sdk-pro,,!offer:turnkey-sdk-pro,,,,,,,,,,,,,,,
uniswap-web3-react,,!offer:uniswap-web3-react,,,,,,,,,,,,,,,
uniswap-web3-react,,!offer:uniswap-web3-react,,,,,,,,,,,,,,,
vyper,,!offer:vyper,,,,,,,,,,,,,,,
vyper,,!offer:vyper,,,,,,,,,,,,,,,
waffle,,!offer:waffle,,,,,,,,,,,,,,,
waffle,,!offer:waffle,,,,,,,,,,,,,,,
wagmi,,!offer:wagmi,,,,,,,,,,,,,,,
wagmi,,!offer:wagmi,,,,,,,,,,,,,,,
wake,,!offer:wake,,,,,,,,,,,,,,,
wake,,!offer:wake,,,,,,,,,,,,,,,
walletkit-individual,,!offer:walletkit-individual,,,,,,,,,,,,,,,
walletkit-individual,,!offer:walletkit-individual,,,,,,,,,,,,,,,
walletkit-startup,,!offer:walletkit-startup,,,,,,,,,,,,,,,
walletkit-startup,,!offer:walletkit-startup,,,,,,,,,,,,,,,
web3-js,,!offer:web3-js,,,,,,,,,,,,,,,
web3-js,,!offer:web3-js,,,,,,,,,,,,,,,
web3-py,,!offer:web3-py,,,,,,,,,,,,,,,
web3-py,,!offer:web3-py,,,,,,,,,,,,,,,
web3auth-base,,!offer:web3auth-base,,,,,,,,,,,,,,,
web3auth-base,,!offer:web3auth-base,,,,,,,,,,,,,,,
web3auth-growth,,!offer:web3auth-growth,,,,,,,,,,,,,,,
web3auth-growth,,!offer:web3auth-growth,,,,,,,,,,,,,,,
web3auth-scale,,!offer:web3auth-scale,,,,,,,,,,,,,,,
web3auth-scale,,!offer:web3auth-scale,,,,,,,,,,,,,,,
wormhole-sdk-free,,!offer:wormhole-sdk-free,,,,,,,,,,,,,,,
wormhole-sdk-free,,!offer:wormhole-sdk-free,,,,,,,,,,,,,,,
wormhole-sdk-usage,,!offer:wormhole-sdk-usage,,,,,,,,,,,,,,,
wormhole-sdk-usage,,!offer:wormhole-sdk-usage,,,,,,,,,,,,,,,
zksync-sdk,,!offer:zksync-sdk,,,,,,,,,,,,,,,
zksync-sdk,,!offer:zksync-sdk,,,,,,,,,,,,,,,
