slug,provider,offer,actionButtons,chain,technology,txSpeedSla,throughputSla,openSource,support,starred,availableApis,monitoringAndAnalytics,additionalFeatures,assetTypes,price,economicSecurity,economicSecurityNote,auditsPerformed,decentralizationModel,sdk,supportedChains,tag,supportContacts,networkSupportBasis
hyperlane-mainnet,,!offer:hyperlane,,mainnet,,,,,,,,,,,,,,,,,,,,
interport-mainnet,,!offer:interport,,mainnet,,,,,,,,,,,,,,,,,,,,
meson-mainnet,,!offer:meson,,mainnet,,,,,,,,,,,,,,,,,,,,
okutrade-mainnet,,!offer:okutrade,,mainnet,,,,,,,,,,,,,,,,,,,,
orbiter-mainnet,,!offer:orbiter,,mainnet,,,,,,,,,,,,,,,,,,,,
owlto-mainnet,,!offer:owlto,,mainnet,,,,,,,,,,,,,,,,,,,,
rubic-mainnet,,!offer:rubic,,mainnet,,,,,,,,,,,,,,,,,,,,
smolrefuel-mainnet,,!offer:smolrefuel,,mainnet,,,,,,,,,,,,,,,,,,,,
stargate-mainnet,,!offer:stargate,,mainnet,,,,,,,,,,,,,,,,,,,,
